NCT Number,Study Title,Study Status,Conditions,Interventions,Sex,Age,Phases,Enrollment,Funder Type,Start Date
NCT07859423,A Study to Investigate AG-236 in Subjects ≥18 Years of Age With Polycythemia Vera,NOT_YET_RECRUITING,Polycythemia Vera,DRUG: AG-236|DRUG: Placebo,ALL,"ADULT, OLDER_ADULT",PHASE2|PHASE3,245,INDUSTRY,2026-11
NCT07859410,Sintilimab Combined With Chemoradiotherapy as Neoadjuvant Therapy for Locally Advanced Gastroesophageal Junction Cancer,NOT_YET_RECRUITING,Gastroesophageal Junction Adenocarcinoma,DRUG: Sintilimab|DRUG: Capecitabine|DRUG: Oxaliplatin|RADIATION: Radiation,ALL,"ADULT, OLDER_ADULT",NA,50,OTHER,2026-10-01
NCT07859384,Effects of Different Root Canal Filling Materials and Irrigation Agitation Techniques on Postoperative Pain in Teeth With Irreversible Pulpitis: A Randomized Clinical Trial,NOT_YET_RECRUITING,Postoperative Pain After Endodontic Treatment|Oral Health-Related Quality of Life|Symptomatic Irreversible Pulpitis|Endodontic Treatment,DRUG: XP-Endo Finisher|DRUG: EDDY|DRUG: Passive Ultrasonic Activation|DRUG: AH Plus|DRUG: NeoSealer Flo,ALL,"ADULT, OLDER_ADULT",NA,324,OTHER,2026-11-13
NCT07859358,Injectable Platelet-Rich Fibrin (i-PRF) and Oxygen-Releasing Gel in the Treatment of Stage II Periodontitis.,COMPLETED,Stage III Periodontitis,BIOLOGICAL: Injectable Platelet-Rich Fibrin (i-PRF|DRUG: Peroxoborate Oxygen-Releasing Oral Gel|OTHER: Sterile 0.9% Saline Solution|PROCEDURE: Scaling and Root Planing (SRP)|DEVICE: Custom Acrylic Probing Sten,ALL,ADULT,PHASE1|PHASE2,24,OTHER,2026-01-20
NCT07859293,An Extension Trial of Asedebart in Participants With Congenital Adrenal Hyperplasia,NOT_YET_RECRUITING,"Adrenal Hyperplasia, Congenital",DRUG: Asedebart,ALL,"ADULT, OLDER_ADULT",PHASE2,45,INDUSTRY,2026-10-01
NCT07859228,A Phase 1 Study of HCB303 in Participants With Advanced Malignancies,NOT_YET_RECRUITING,Advanced Malignancies,DRUG: HCB303,ALL,"ADULT, OLDER_ADULT",PHASE1,150,INDUSTRY,2027-02-28
NCT07859215,Study to Assess the Efficacy and Safety of Rina-S Plus Standard of Care Compared to Standard of Care Maintenance Treatment After First-line (1L) Platinum-based Chemotherapy in Participants With Ovarian Cancer,NOT_YET_RECRUITING,Ovarian Cancer,DRUG: Rina-S|DRUG: Bevacizumab,FEMALE,"ADULT, OLDER_ADULT",PHASE3,602,INDUSTRY,2026-11
NCT07859202,The Purpose of This Study is to Evaluate the Efficacy and Safety of W2505.,NOT_YET_RECRUITING,Erectile Dysfunctions,DRUG: W2505|DRUG: W2505-P1|DRUG: W2505-R|DRUG: W2505-P2,MALE,"ADULT, OLDER_ADULT",PHASE3,228,INDUSTRY,2026-09
NCT07859189,Immediate Versus Criterion-triggered Semaglutide for Suboptimal Clinical Response One Year After Primary Metabolic and Bariatric Surgery,NOT_YET_RECRUITING,Morbid Obesity,DRUG: Semaglutide weekly injection|DRUG: Placebo,ALL,"ADULT, OLDER_ADULT",PHASE4,100,OTHER_GOV,2026-10
NCT07859176,Tapered Versus Abrupt Discontinuation of Semaglutide After Treatment of Recurrent Weight Gain or Suboptimal Response Following Metabolic and Bariatric Surgery,NOT_YET_RECRUITING,Morbid Obesity,DRUG: Semaglutide weekly injection|DRUG: Placebo,ALL,"ADULT, OLDER_ADULT",PHASE4,100,OTHER_GOV,2026-10
NCT07859163,Semaglutide Given Before and After Conversion of Sleeve Gastrectomy to Roux-en-Y Gastric Bypass for Recurrent Weight Gain,NOT_YET_RECRUITING,Morbid Obesity,DRUG: Semaglutide weekly injection|DRUG: Placebo,ALL,"ADULT, OLDER_ADULT",PHASE4,100,OTHER_GOV,2026-10
NCT07859150,Semaglutide 2.4 mg Once Weekly for Recurrent Weight Gain After Metabolic and Bariatric Surgery (RESURGE),NOT_YET_RECRUITING,Morbid Obesity,DRUG: Semaglutide weekly injection|DRUG: Placabo,ALL,"ADULT, OLDER_ADULT",PHASE4,104,OTHER_GOV,2026-10
NCT07859137,Semaglutide Before Primary Metabolic and Bariatric Surgery in Patients With BMI 60 kg/m² or Higher,NOT_YET_RECRUITING,Morbid Obesity,DRUG: Semaglutide weekly injection|DRUG: Placebo,ALL,ADULT,PHASE4,100,OTHER_GOV,2026-10
NCT07859111,YJ001 Spray for Diabetic Peripheral Neuropathic Pain,RECRUITING,Diabetic Peripheral Neuropathic Pain (DPNP),DRUG: YJ001 spray simulant|DRUG: YJ001 spray|DRUG: Crisugabalin Besilate Capsules|DRUG: Crisugabalin Besilate Capsules simulant,ALL,"ADULT, OLDER_ADULT",PHASE3,400,INDUSTRY,2026-08-03
NCT07859085,A Study to Evaluate the Safety and Activity of GDC-7035 With Anti-Cancer Therapies in Participants With KRAS G12D-Mutated Unresectable Advanced or Metastatic Colorectal Cancer or Pancreatic Ductal Adenocarcinoma,NOT_YET_RECRUITING,Colorectal Neoplasms|Pancreatic Ductal Adenocarcinoma,DRUG: GDC-7035|BIOLOGICAL: Panitumumab|DRUG: mFOLFOX6|DRUG: FOLFIRI|DRUG: mFOLFIRINOX|DRUG: Gem-nabP,ALL,"ADULT, OLDER_ADULT",PHASE1,388,INDUSTRY,2026-10-31
NCT07859059,Metronomic Temozolomide With Dexbrompheniramine for Recurrent High-Grade Glioma/Glioblastoma,NOT_YET_RECRUITING,High Grade Glioma|Glioblastoma|Gliosarcoma,DRUG: Dexbrompheniramine|DRUG: Temozolomide,ALL,"ADULT, OLDER_ADULT",PHASE1|PHASE2,41,OTHER,2027-06-01
NCT07859007,A Study to Assess the Potential CYP3A Induction Effect of Brensocatib on the Pharmacokinetics (PK) of Midazolam in Healthy Participants,NOT_YET_RECRUITING,Healthy Volunteers,DRUG: Brensocatib|DRUG: Midazolam,ALL,ADULT,PHASE1,26,INDUSTRY,2026-10-29
NCT07858916,"A Phase 2b Study to Evaluate the Efficacy, Safety, and PK Profiles of TNP-2092 Administered Via IA Injection in PJI Participants",NOT_YET_RECRUITING,Prosthetic Joint Infection (PJI),DRUG: TNP-2092 for injection|DRUG: Vancomycin Hydrochloride for Injection|DRUG: Oral antibiotics|DRUG: Appropriate intravenous and/or oral antibiotics,ALL,"ADULT, OLDER_ADULT",PHASE2,40,INDUSTRY,2026-10
NCT07858773,Prevent Wheeze Trial,NOT_YET_RECRUITING,Lower Respiratory Tract Infection (LRTI)|Recurrent Wheezing,DRUG: Dexamethasone 0.6 mg/kilogram body weight single dose|DRUG: Placebo,ALL,CHILD,PHASE4,486,OTHER,2027-02-01
NCT07858734,Postsurgical Analgesia After Unilateral Bunionectomy,RECRUITING,Bunionectomy|Bunion,"DRUG: AMT-143|DRUG: AMT-143|OTHER: Saline (NaCl 0,9 %) (placebo)",ALL,"ADULT, OLDER_ADULT",PHASE2,60,INDUSTRY,2026-10-18
NCT07858721,Study of Medical Thoracoscopy in Early Pleural Infection,NOT_YET_RECRUITING,Pleural Infection,PROCEDURE: Medical thoracoscopy plus standard of care|DRUG: Standard of Care (Investigator Choice),ALL,"ADULT, OLDER_ADULT",NA,128,OTHER,2026-11-01
NCT07858422,A Study to Evaluate ENERGI-F703EB Cream in Epidermolysis Bullosa,RECRUITING,Epidermolysis Bullosa (EB)|Junctional Epidermolysis Bullosa|Epidermolysis Bullosa Simplex|Dystrophic Epidermolysis Bullosa,DRUG: ENERGI-F703EB Cream|DRUG: Matched vehicle cream,ALL,"ADULT, OLDER_ADULT",PHASE2,24,INDUSTRY,2026-10-08
NCT07858344,"Randomized, Double-blind, Placebo-controlled, Multicenter Phase IIb Clinical Trial of Spray YJ001 for the Treatment of Diabetic Peripheral Neuropathic Pain",COMPLETED,Diabetic Peripheral Neuropathic Pain (DPNP),DRUG: YJ001 spray simulator|DRUG: YJ001 Spray 240 mg/day|DRUG: YJ001 Spray 480 mg/day|DRUG: YJ001 Spray 960 mg/day,ALL,"ADULT, OLDER_ADULT",PHASE2,196,INDUSTRY,2024-01-18
NCT07858331,Patient-centred Intervention With Virtual Support for Obesity and Kidney Transplant Access,NOT_YET_RECRUITING,Obesity|Chronic Kidney Disease|Chronic Renal Disease|CKD,DRUG: Semaglutide|BEHAVIORAL: Virtual Weight Management Coaching,ALL,"ADULT, OLDER_ADULT",PHASE4,880,OTHER,2027-01-01
NCT07858253,CLEAR-Lung III: Circulating Tumor DNA-Guided Consolidation Chemotherapy and Immunotherapy,NOT_YET_RECRUITING,Lung Cancer,DRUG: Consolidation Chemotherapy,ALL,"ADULT, OLDER_ADULT",PHASE2,43,OTHER,2026-10
NCT07858188,Study on the Effect of Electronic Moxibustion on Non-Specific Low Back Pain in Young Adults,NOT_YET_RECRUITING,Electronic Moxibustion|Low Back Pain|Muscle Hardness,OTHER: Electronic Moxibustion|DRUG: ibuprofen or celecoxib analgesics,ALL,ADULT,NA,90,OTHER,2026-09
NCT07858149,Effects of Ondansetron Timing During Spinal Anesthesia for Urologic Surgery,NOT_YET_RECRUITING,Spinal Anesthesia-Induced Hypotension|Cerebral Oxygenation,DRUG: Ondansetron 8 mg|DRUG: 0.9 % sodium chloride,MALE,OLDER_ADULT,PHASE4,99,OTHER,2026-09-30
NCT07858123,Safety and Efficacy Comparison Between CHF5993 100/6 12.5µg pMDI to Seretide Evohaler 125/25µg pMDI in Adolescent Subjects With Asthma,NOT_YET_RECRUITING,Asthma,DRUG: CHF5993 100/6/12.5 μg pMDI HFA-152a|DRUG: Seretide Evohaler,ALL,CHILD,PHASE3,700,INDUSTRY,2026-11-16
NCT07858019,A Study to Evaluate COR-2003 as Monotherapy and Co-Administered With COR-1004 in Adult Volunteers,NOT_YET_RECRUITING,Otherwise Healthy Individuals With Systolic Blood Pressure (SBP) From 110 to 139 mmHg and Low-density Lipoprotein Cholesterol (LDL-C) ≥ 100 mg/dL,DRUG: COR-2003|DRUG: Placebo|DRUG: COR-1004 + COR-2003|DRUG: Placebo + Placebo,ALL,"ADULT, OLDER_ADULT",PHASE1,108,INDUSTRY,2026-10
NCT07857941,Exploring Novel Therapeutic Approaches for Disorders of Gut-Liver-Brain Interaction-H1/H2,RECRUITING,Functional Gastrointestinal Disorders,DRUG: Famotidine|DRUG: Levocetirizine|DRUG: Fuyuan Gasmin|DRUG: Fuyuan Gasmin,ALL,ADULT,PHASE2,45,OTHER,2025-01-01
NCT07857837,Study of Sulthiame (S-054502) in Participants With Renal Impairment and Matched Healthy Controls,NOT_YET_RECRUITING,Renal Impairment,DRUG: Sulthiame,ALL,"ADULT, OLDER_ADULT",PHASE1,30,INDUSTRY,2026-09-29
NCT07857772,This Will be a Randomized Comparison of the Proteomic Effects of Vicadrostat/Empagliflozin Versus Empagliflozin and Versus Empagliflozin/Spironolactone in Heart Failure Patients With Preserved Ejection Fraction,NOT_YET_RECRUITING,Heart Failure With Preserved Ejection Fraction (HFPEF),DRUG: empa plus vica|DRUG: Comparator: empa 10 plus spironolactone,ALL,"ADULT, OLDER_ADULT",PHASE2,200,OTHER,2027-03
NCT07857733,"Phase 3, Open-Label Extension Study of AMBTX-01 (Neridronate) for Complex Regional Pain Syndrome Type 1",NOT_YET_RECRUITING,Complex Regional Pain Syndrome Type I,DRUG: Neridronate,ALL,"ADULT, OLDER_ADULT",PHASE3,135,INDUSTRY,2026-10-15
NCT07857655,Intraoperative Methadone for the Management of Postoperative Pain in Patients With Head and Neck Cancers,RECRUITING,Head and Neck Carcinoma|Hypopharyngeal Carcinoma|Laryngeal Carcinoma|Oral Cavity Carcinoma|Oropharyngeal Carcinoma,OTHER: Electronic Health Record Review|DRUG: Fentanyl|DEVICE: Laryngoscopy|DRUG: Methadone|PROCEDURE: Surgical Procedure|OTHER: Survey Administration,ALL,"ADULT, OLDER_ADULT",PHASE4,58,OTHER,2026-09-22
NCT07857616,SI-B036-ST-101 in Advanced/Metastatic Solid Tumors,NOT_YET_RECRUITING,Locally Advanced /Metastatic Solid Tumors|Locally Advanced / Metastatic Solid Tumors|Metastatic Solid Cancers|Non Small Cell Lung Cancer|Lung Cancer|Melanoma|Ovarian|NSCLC,DRUG: SI-B036,ALL,"ADULT, OLDER_ADULT",PHASE1,424,INDUSTRY,2026-09
NCT07857486,Reduction of Neoadjuvant Treatment in Early Triple-Negative Breast Cancer,NOT_YET_RECRUITING,Early Triple-Negative Breast Cancer,DRUG: Pembrolizumab,ALL,"ADULT, OLDER_ADULT",PHASE2,84,OTHER,2026-11
NCT07857473,A Study to Investigate the Safety and Efficacy of TE-8105 in Overweight or Obesity Participants,NOT_YET_RECRUITING,Overweight and Obesity,DRUG: TE-8105 MAD Cohort 1|DRUG: TE-8105 MAD Cohort 2|DRUG: TE-8105 MAD Cohort 3|DRUG: Placebo,ALL,"ADULT, OLDER_ADULT",PHASE2,204,INDUSTRY,2026-10
NCT07857434,Very Low-volume Plasma Exchange in ACLF,NOT_YET_RECRUITING,Acute on Chronic Liver Failure (ACLF),OTHER: Double Plasma Molecular Adsorption System (DPMAS)|OTHER: Low-volume plasma exchange|DRUG: Prothrombin Complex Concentrate (PCC)|OTHER: Standard Medical Therapy|OTHER: Very low-volume plasma exchange,ALL,"ADULT, OLDER_ADULT",NA,840,OTHER,2026-10-01
NCT07857421,AI-Based Wearable Monitoring (Glandy HYPER) for Antithyroid Drug Dose Adjustment in Graves' Disease,NOT_YET_RECRUITING,Hyperthyroidism|Graves Disease|Thyrotoxicosis,DEVICE: Glandy HYPER (AI-based monitoring software)|DRUG: Methimazole,ALL,"ADULT, OLDER_ADULT",NA,30,INDUSTRY,2026-10-20
NCT07857356,Remifentanil Versus Remifentanil-Lidocaine for Tracheal Extubation After Thyroidectomy,NOT_YET_RECRUITING,Tracheal Extubation|Cough,DRUG: remifentanil|DRUG: Lidocaine %2 ampoule,ALL,"ADULT, OLDER_ADULT",PHASE4,60,OTHER,2026-10
NCT07857265,Mass Balance Study of [14C]DA-302168S in Healthy Chinese Adult Male Participants,NOT_YET_RECRUITING,Healthy Adult Subjects,DRUG: [14C] DA-302168S,MALE,ADULT,PHASE1,10,INDUSTRY,2026-11-20
NCT07857252,Patient Choice Between Antibiotics and Appendectomy in Uncomplicated Appendicitis (FRENCH 47 - ALACARTE),NOT_YET_RECRUITING,Acute Appendicitis,OTHER: Shared decision-making|DRUG: amoxicillin-clavulanate|PROCEDURE: Appendectomy,ALL,"ADULT, OLDER_ADULT",PHASE2,560,OTHER,2026-10
NCT07857226,Trastuzumab/Pertuzumab With Fulvestrant and Kurmoxilil in HR+/HER2+ Early Breast Cancer,NOT_YET_RECRUITING,Breast Cancer,DRUG: Trastuzumab (or biosimilar)|DRUG: Pertuzumab|DRUG: Kurmoxilil|DRUG: Fulvestrant,FEMALE,"ADULT, OLDER_ADULT",PHASE2,31,OTHER,2026-09
NCT07857135,"A Study to Evaluate the Safety, Tolerability, Pharmacokinetics, and Efficacy of SYS6088 in Patients With Advanced/Metastatic Solid Tumors",NOT_YET_RECRUITING,Advanced/Metastatic Solid Tumors,DRUG: SYS6088|DRUG: Regorafenib|DRUG: Ivonescimab,ALL,"ADULT, OLDER_ADULT",PHASE1|PHASE2,140,INDUSTRY,2026-10-03
NCT07856914,Paricalcitol Versus Pirfenidone for Improving Surgical Resectability in Patients With Peritoneal Cancer,NOT_YET_RECRUITING,Peritoneal (Metastatic) Cancer|Peritoneal Carcinoma|Peritoneal Carcinosis|Peritoneal Cancer|Peritoneal Carcinomatosis|Peritoneal Carcinomatosis From Colorectal or Ovarian Origin|Peritoneal Cavity Cancer,DRUG: Paricalcitol|DRUG: pirfenidone,ALL,"ADULT, OLDER_ADULT",PHASE2,74,OTHER,2026-09
NCT07856758,2 Gy Total Body Irradiation As Part Of Conditioning Treatment For Patients With Acute Lymphoblastic Leukemia Undergoing CAR T Cell Therapy,NOT_YET_RECRUITING,Acute Lymphoblastic Leukemia,DRUG: CAR T cell therapy,ALL,"ADULT, OLDER_ADULT",NA,20,OTHER,2027-03-01
NCT07856719,"A Ph2, Colchicine For Inflammatory Carotid Injury And Disease Evolution After Radiotherapy",NOT_YET_RECRUITING,Head and Neck Cancer,DRUG: Colchicine|OTHER: Placebo,ALL,"ADULT, OLDER_ADULT",PHASE2,250,OTHER,2027-03-01
NCT07856706,"A Single Ascending Dose, and Food Effect Study of ABBV-7828 in Healthy Adults",NOT_YET_RECRUITING,Healthy Subjects,DRUG: ABBV-7828|DRUG: Placebo for ABBV-7828,ALL,"ADULT, OLDER_ADULT",PHASE1,60,INDUSTRY,2026-09-21
NCT07856680,Clinical Lid Eradication of Antifungal-Responsive FUNGUS Study,NOT_YET_RECRUITING,Anterior Blepharitis,DRUG: NATACYN®,ALL,"ADULT, OLDER_ADULT",PHASE4,60,OTHER,2026-10
NCT07856654,Suzetrigine Following Urogynecologic Surgery: Investigation of Postoperative Pain Management,NOT_YET_RECRUITING,Pelvic Organ Prolapse (POP)|Postoperative Pain|Urogynecology,DRUG: Suzetrigine|DRUG: Placebo,FEMALE,"ADULT, OLDER_ADULT",PHASE4,48,OTHER,2026-11
NCT07856511,A Study to Evaluate the Efficacy and Safety of Proximod in Patients With Rheumatoid Arthritis,NOT_YET_RECRUITING,Rheumatoid Arthrits,DRUG: Placebo|DRUG: Proximod|DRUG: Proximod|DRUG: Placebo|DRUG: Proximod,ALL,"ADULT, OLDER_ADULT",PHASE3,590,INDUSTRY,2026-10-15
NCT07856420,A Study of JNJ-99245354 (ITI-1284) as an Adjunctive Treatment in Participants With Generalized Anxiety Disorder (GAD) Who Have an Inadequate Response to GAD Treatment,NOT_YET_RECRUITING,Generalized Anxiety Disorder,DRUG: JNJ-99245354|DRUG: Placebo,ALL,"ADULT, OLDER_ADULT",PHASE3,705,INDUSTRY,2026-09-30
NCT07856355,Tobramycin Nebulization to Prevent Multidrug-Resistant Ventilator-Associated Pneumonia,NOT_YET_RECRUITING,"Pneumonia, Ventilator-Associated",DRUG: Tobramycin inhalation solution|DRUG: 0.9% Sodium Chloride Placebo,ALL,"ADULT, OLDER_ADULT",PHASE4,574,OTHER,2026-10-07
NCT07856303,SHR-A1811 Versus Trastuzumab Plus Pertuzumab in ctDNA-Positive HER2-Positive Early Breast Cancer After Pathologic Complete Response,NOT_YET_RECRUITING,HER2-positive Breast Cancer|Early Breast Cancer (EBC),DRUG: SHR-A1811|DRUG: Trastuzumab|DRUG: Pertuzumab,ALL,"ADULT, OLDER_ADULT",PHASE2,358,OTHER,2026-10-01
NCT07856069,Arsenic Trioxide Combined With Chemotherapy for Relapsed SHH-Activated and/or TP53-Mutant Medulloblastoma,NOT_YET_RECRUITING,Medulloblastoma,DRUG: Arsenic Trioxide (ATO)|DRUG: ETOPOSIDE - Study|DRUG: Cisplatin|DRUG: Cyclophosphamide|DRUG: Methotrexate|DRUG: Dexamethasone,ALL,"CHILD, ADULT",PHASE2,78,OTHER,2026-10
NCT07856056,Nortriptyline Compared With Amitriptyline for Migraine Prevention at SQUH,NOT_YET_RECRUITING,Migraine,DRUG: Nortriptyline|DRUG: Amitriptyline,ALL,"ADULT, OLDER_ADULT",PHASE4,90,OTHER,2027-05
NCT07856043,[11C]PS13 PET Imaging of Neuroinflammation in Heart Failure With Reduced Ejection Fraction,NOT_YET_RECRUITING,"Heart Failure With Reduced Ejection Fraction|Cognitive Impairment, Mild|Neuroinflammation|Vascular Contributions to Cognitive Impairment and Dementia (VCID)",DRUG: [11C]PS13: [carbon-11]PS13; COX-1 PET radioligand|DRUG: Sacubitril-Valsartan,ALL,"ADULT, OLDER_ADULT",PHASE1,18,OTHER,2026-10-01
NCT07856004,"A Study to Investigate Safety, Tolerability, and Pharmacokinetics of Tacabrutideg (BGB-16673) in Participants With Moderate and Severe Hepatic Impairment",NOT_YET_RECRUITING,Hepatic Impairment|Healthy Adult Participants,DRUG: Tacabrutideg,ALL,"ADULT, OLDER_ADULT",PHASE1,24,INDUSTRY,2026-10-22
NCT07855991,"A Study to Investigate the Safety, Tolerability, and Pharmacokinetics of Sonrotoclax in Participants With Severe Hepatic Impairment",NOT_YET_RECRUITING,Hepatic Impairment|Healthy Adult Participants,DRUG: Sonrotoclax,ALL,"ADULT, OLDER_ADULT",PHASE1,12,INDUSTRY,2026-10-15
NCT07855978,Community Health Education and Hygiene Promotion Added to Deworming Among Ethnic Khmer Children in Vietnam,COMPLETED,Soil-transmitted Helminth Infections,DRUG: Albendazole 400 mg|BEHAVIORAL: Community Health Education and Hygiene Promotion,ALL,CHILD,NA,704,OTHER,2025-07-01
NCT07855965,"Multicenter, Single-Arm, Prospective Phase II Study of Neoadjuvant Cryo-Thermal Ablation Combined With Toripalimab and Chemotherapy for Resectable Stage IB-IIIB Non-Small Cell Lung Cancer",RECRUITING,"Carcinoma, Non-Small-Cell Lung (NSCLC)",PROCEDURE: Cryo-Thermal Ablation|DRUG: Toripalimab|DRUG: Platinum-based doublet chemotherapy,ALL,"ADULT, OLDER_ADULT",PHASE2,40,OTHER,2026-09-10
NCT07855757,Retlirafusp Alfa Plus SOX and Intraperitoneal Nab-Paclitaxel for Advanced Gastric/GEJ Cancer With Malignant Ascites,ACTIVE_NOT_RECRUITING,"Gastric Cancer (GC)|Peritoneal Metastases From Gastric Cancer|Ascites, Malignant",DRUG: Retlirafusp Alfa + SOX + Intraperitoneal Nab-Paclitaxel,ALL,"ADULT, OLDER_ADULT",NA,5,OTHER,2026-06-01
NCT07855692,The Clinical Trial of Tamibarotene for Patients With HFpEF (RELIEF Trial),NOT_YET_RECRUITING,HFpEF - Heart Failure With Preserved Ejection Fraction,DRUG: Tamibarotene|DRUG: Placebo,ALL,"ADULT, OLDER_ADULT",PHASE2,90,OTHER,2026-10-01
NCT07855588,Intravenous Paracetamol Versus Magnesium Sulfate for Control of Shivering Following Spinal Anesthesia in Cesarean Section,NOT_YET_RECRUITING,Shivering|Post-Spinal Shivering,DRUG: Paracetamol|DRUG: Magnesium Sulfate,FEMALE,ADULT,PHASE4,90,OTHER,2026-11
NCT07855575,Optimizing the Paracetamol Dose for Prevention of Post-Spinal Shivering in Lower Limb Orthopedic Surgeries,NOT_YET_RECRUITING,Shivering|Postoperative Shivering|Hypothermia,DRUG: Paracetamol 2 g|DRUG: Paracetamol 1 g|DRUG: Normal Saline Placebo,ALL,"ADULT, OLDER_ADULT",PHASE4,150,OTHER,2026-11
NCT07855536,Effect of Preoperative Intranasal Dexmedetomidine on Incidence of Intraoperative Shivering in Patients Undergoing Cesarean Section Under Spinal Anesthesia,NOT_YET_RECRUITING,Shivering|Hypothermia|Cesarean Section|Spinal Anaesthesia,DRUG: Dexmedetomidine|DRUG: Meperidine|DRUG: Normal Saline 0.9%,FEMALE,ADULT,PHASE4,99,OTHER,2026-11
NCT07855523,Efficacy of Intravenous Midazolam-Ketamine Combination Versus Placebo for Prevention of Post-Spinal Shivering in Elective Cesarean Section,NOT_YET_RECRUITING,Shivering|Post-Spinal Shivering|Hypothermia|Cesarean Section,DRUG: Midazolam and Ketamine|DRUG: 0.9% Sodium Chloride,FEMALE,ADULT,PHASE4,120,OTHER,2026-11
NCT07855497,Efficacy and Safety of Second-Line Helicobacter Pylori Eradication,ACTIVE_NOT_RECRUITING,HELICOBACTER PYLORI INFECTIONS,DRUG: P-CAB-BM quadruple regimen|DRUG: Moxifloxacin triple regimen,ALL,"ADULT, OLDER_ADULT",NA,141,OTHER,2021-02-01
NCT07855380,Ultrasound Guided- Chemical Rectus Sheath Block for Chronic Pain After Abdominal Midline Incision in Cancer Surgeries,RECRUITING,Chemical Rectus Sheath Block|Chronic Pain|Abdominal Midline Incision|Cancer Surgeries,DRUG: Saline 0.9%|DRUG: Transversalis fascia plane block,ALL,"ADULT, OLDER_ADULT",NA,90,OTHER,2026-05-01
NCT07855341,Low-Volume Pericapsular Nerve Group (PENG) Block With Dexamethasone vs Standard-Volume PENG Block After Total Hip Arthroplasty,NOT_YET_RECRUITING,"Pain, Postoperative|Muscle Weakness|Arthroplasty, Replacement, Hip",PROCEDURE: Pericapsular nerve group (PENG) block|DRUG: Bupivacaine|DRUG: Dexamethasone,ALL,"ADULT, OLDER_ADULT",PHASE4,60,OTHER,2026-10-15
NCT07855315,FESS With or Without Intranasal Desmopressin in Chronic Rhinosinusitis With Nasal Polyps,NOT_YET_RECRUITING,Chronic Rhinosinusitis (CRS) With Nasal Polyposis,"DRUG: Desmopressin Acetate Nasal, 10 μg/0.1 ml per spray|PROCEDURE: Functional Endoscopic Sinus Surgery",ALL,ADULT,NA,174,OTHER_GOV,2026-10-15
NCT07855302,CD19 CAR-T Therapy for Refractory Childhood-Onset Systemic Lupus Erythematosus,RECRUITING,Childhood-Onset Systemic Lupus Erythematosus|Refractory SLE|CD19 CAR-T Cell Therapy,BIOLOGICAL: SNUH-CD19-CAR-T Cells|DRUG: Lymphodepleting Chemotherapy,ALL,"CHILD, ADULT",PHASE1,8,OTHER,2026-09-14
NCT07855276,A Study to Explore the Tissue Level Effects of Remibrutinib in Adults With Moderate to Severe HS,NOT_YET_RECRUITING,Hidradenitis Suppurativa,DRUG: LOU064|DRUG: Placebo,ALL,"ADULT, OLDER_ADULT",PHASE1,30,INDUSTRY,2026-10-14
NCT07855250,"An Open-label DDI Study to Investigate the Effect of Rilzabrutinib on P-gp, BCRP, OATP1B1 and OATP1B3 Inhibition",RECRUITING,Healthy Volunteer,DRUG: Rilzabrutinib|DRUG: Rosuvastatin|DRUG: Digoxin,ALL,ADULT,PHASE1,14,INDUSTRY,2026-10-01
NCT07855211,A Study to Learn About the Safety of BIIB147 and Its Effects in Adults With Amyotrophic Lateral Sclerosis (ALS),NOT_YET_RECRUITING,Amyotrophic Lateral Sclerosis,DRUG: BIIB147|DRUG: Placebo,ALL,"ADULT, OLDER_ADULT",PHASE1|PHASE2,69,INDUSTRY,2026-10-22
NCT07855133,"A Research Study Investigating How Adults With Overweight or Obesity, With or Without Type 2 Diabetes, Tolerate Switching to a New Treatment (Zenagamtide) From Their Current Semaglutide Medication",NOT_YET_RECRUITING,Overweight|Obesity|Type 2 Diabetes,DRUG: Semaglutide|DRUG: Zenagamtide,ALL,"ADULT, OLDER_ADULT",PHASE1,60,INDUSTRY,2026-09-30
NCT07855068,Effect of a Low-Dose Ketamine-Dexmedetomidine-Based Opioid-Sparing Anesthesia Protocol on Postoperative Quality of Recovery After Percutaneous Nephrolithotomy,NOT_YET_RECRUITING,Nephrolithiasis|Postoperative Pain|Quality of Recovery,DRUG: Ketamine and Dexmedetomidine|DRUG: Fentanyl,ALL,ADULT,PHASE4,100,OTHER,2026-10
NCT07855016,A Phase II Study of TT-01488 Tablets in Combination With Anti-CD20 Monoclonal Antibody Therapy in Patients With Mantle Cell Lymphoma,NOT_YET_RECRUITING,Mantle Cell Lymphoma (MCL),DRUG: TT-01488 Tablets|DRUG: Rituximab|DRUG: Immunomodulatory Agent|DRUG: BCL2 Inhibitor,ALL,"ADULT, OLDER_ADULT",PHASE2,188,INDUSTRY,2026-10-10
NCT07854977,Fecal Microbiota Transplantation Combined With NALIRIFOX Plus Serplulimab as First-line Treatment for Advanced or Metastatic Pancreatic Ductal Adenocarcinoma.,NOT_YET_RECRUITING,Locally Advanced Pancreatic Ductal Adenocarcinoma|Metastatic Pancreatic Ductal Adenocarcinoma (PDAC),DRUG: FMT combined with chemotherapy plus immunotherapy|DRUG: Chemotherapy+Immunotherapy,ALL,"ADULT, OLDER_ADULT",PHASE2,40,OTHER,2026-11
NCT07854964,"A Prospective, Single-center, Phase II Study of Neoadjuvant Serplulimab Plus XELOX and Bevacizumab in Locally Advanced Rectal Cancer",NOT_YET_RECRUITING,Locally Advanced Rectal Cancer,DRUG: Serplulimab|DRUG: Bevacizumab|DRUG: Oxaliplatin|DRUG: Capecitabine,ALL,"ADULT, OLDER_ADULT",NA,37,OTHER,2026-10-15
NCT07854873,Vaginal Prasterone Versus Estriol in Women With Pelvic Floor Disorders,COMPLETED,Pelvic Organ Prolapse (POP)|Stress Urinary Incontinence (SUI),DRUG: Prasterone (DHEA)|DRUG: Estriol,FEMALE,"ADULT, OLDER_ADULT",NA,74,OTHER,2022-10-01
NCT07854795,Reconsidering Long-Term Apirin in the Elderly in Secondary Prevention of Coronary Artery Disease Norway,NOT_YET_RECRUITING,Coronary Arterial Disease (CAD),DRUG: Discontinuation of aspirin (ATC-code B01AC06 and N02BA01),ALL,OLDER_ADULT,PHASE4,7000,OTHER,2027-02-01
NCT07854782,Trial to Evaluate ALN-CIDEB in Adults With Metabolic Dysfunction-Associated Steatotic Liver Disease (MASLD),NOT_YET_RECRUITING,Metabolic Dysfunction-Associated Steatotic Liver Disease|MASLD,DRUG: ALN-CIDEB|DRUG: Placebo,ALL,"ADULT, OLDER_ADULT",PHASE3,1500,INDUSTRY,2026-11-06
NCT07854652,BEBT-908 in MEF2D-Rearranged Relapsed/Refractory or MRD-Positive B-Cell Precursor Acute Lymphoblastic Leukemia,RECRUITING,B-cell Precursor Acute Lymphoblastic Leukemia (ALL),DRUG: Ifupinostat Hydrochloride,ALL,"CHILD, ADULT, OLDER_ADULT",PHASE1,15,OTHER,2026-09-01
NCT07854639,A Prospective Clinical Study of Zeprumetosta in Patients With Relapsed or Refractory Cutaneous T-Cell Lymphoma,NOT_YET_RECRUITING,Cutaneous T-Cell Lymphoma/Mycosis Fungoides/Sézary Syndrome,DRUG: Zeprumetostat Tablets,ALL,"ADULT, OLDER_ADULT",PHASE2,33,OTHER,2026-10-31
NCT07854600,A Phase II Study of Ivonescimab in Combination With GEMOX as Neoadjuvant and Conversion Therapy for Biliary Tract Cancer,RECRUITING,Biliary Tract Cancer (BTC),DRUG: Ivonescimab|DRUG: GEMOX Regimen,ALL,"ADULT, OLDER_ADULT",PHASE2,87,OTHER,2026-10
NCT07854561,Combination Therapy of Romiplostim and Erythropoiesis-stimulating Agents,RECRUITING,Anemia Associated With Chronic Kidney Disease,DRUG: Romiplostim|DRUG: darbepoetin alfa|DRUG: Methoxy Polyethylene Glycol-Epoetin Beta,ALL,"ADULT, OLDER_ADULT",PHASE2,12,OTHER,2026-08-11
NCT07854522,A Study of QL1706 Combined With OH2 Injection in Perioperative Treatment of Stage III Resectable Acral Melanoma,NOT_YET_RECRUITING,Melanoma|Acral Melanoma,DRUG: Iparomlimab and Tuvonralimab Injection (QL1706)|DRUG: OH2 Injection(Recombinant Human GM-CSF Oncolytic Type II Herpes Simplex Virus),ALL,"ADULT, OLDER_ADULT",PHASE4,76,OTHER,2026-10
NCT07854509,A Phase II Study of SKB264 + SKB118 in Nsq-NSCLC After EGFR-TKI Failure,NOT_YET_RECRUITING,Non-Squamous Non-Small Cell Lung Cancer,DRUG: SKB264+SKB118,ALL,"ADULT, OLDER_ADULT",PHASE2,110,INDUSTRY,2026-10-15
NCT07854470,Efficacy of Early Postoperative ON101 Application for Lower-extremity Fracture Incisions: a Prospective Evaluator-blinded Controlled Study of Scar Quality and Digital-clinical Concordance,COMPLETED,Wound Healing,DRUG: ON101,ALL,"ADULT, OLDER_ADULT",NA,30,OTHER,2024-09-10
NCT07854405,A Clinical Study on the Synergistic Effects of Zhen-Qi-Jie-Du Granules in Palliative Care for Advanced Colorectal Cancer,NOT_YET_RECRUITING,Colorectal Cancer,DRUG: Zhen-Qi-Jie-Du Granules II|DRUG: Zhen-Qi-Jie-Du Granules I,ALL,"ADULT, OLDER_ADULT",NA,1540,INDUSTRY,2026-09-30
NCT07854249,A Study to Evaluate the Pharmacokinetics and Safety of INCB161734 in Participants With Impaired Renal Function and Participants on Hemodialysis,NOT_YET_RECRUITING,Renal Insufficiency|Kidney Diseases,DRUG: INCB161734,ALL,"ADULT, OLDER_ADULT",PHASE1,24,INDUSTRY,2026-10-26
NCT07854197,Effect of Remimazolam on Hypoxemia and/or Hypotension in Prostate Biopsy,NOT_YET_RECRUITING,Prostate Biopsy|Sedation Complication,DRUG: Using remimazolam for sedation during prostate biopsy|DRUG: Administer 1.5mg/kg of propofol for sedation,MALE,OLDER_ADULT,NA,1146,OTHER,2026-10-08
NCT07854158,Unilateral Spinal Anesthesia vs Popliteal-Adductor Canal Block for Below-knee Amputation,NOT_YET_RECRUITING,Postoperative Pain,DRUG: 0.5 % hyperbaric Bupvicaine|DRUG: 15 ml of 0.5 bupvicaine,ALL,"ADULT, OLDER_ADULT",NA,68,OTHER,2026-09-05
NCT07853924,Effect of Intravenous Oxytocin on Post Dural Puncture Headache After Caesarean Sections,NOT_YET_RECRUITING,Post Dural Puncture Headache,DRUG: oxytocin|DRUG: Normal Saline,FEMALE,ADULT,PHASE4,100,OTHER,2026-09
NCT07853885,Intraosseous Tranexamic Acid for Reducing Blood Loss in Total Knee Arthroplasty,NOT_YET_RECRUITING,Knee Osteoarthritis,DRUG: Tranexamic Acid|DRUG: Normal Saline,ALL,"ADULT, OLDER_ADULT",PHASE4,70,OTHER,2026-10
NCT07853781,First-in-Human Evaluation of [11C]JMJ-129-d2 for PDE-4D Imaging in Healthy Volunteers,RECRUITING,Healthy,DRUG: [11C]JMJ-129-d2,ALL,"ADULT, OLDER_ADULT",PHASE1,40,NIH,2026-10-26
NCT07853742,Omadacycline for Treatment Refractory Mycoplasma Genitalium Urethritis,NOT_YET_RECRUITING,Mycoplasma Genitalium Infection|Urethritis,DRUG: Omadacycline Oral Tablet,ALL,"ADULT, OLDER_ADULT",PHASE2,10,OTHER,2026-10
NCT07853690,Histotripsy in Biliary Tract Cancer,NOT_YET_RECRUITING,Biliary Track Cancer,DRUG: Gemcitabine|DRUG: Cisplatin|DRUG: Durvalumab|DRUG: Pembrolizumab|DEVICE: Histotripsy,ALL,"ADULT, OLDER_ADULT",NA,24,OTHER,2026-09
NCT07853664,Topical Dexamethasone/Diclofenac Hydrogel for Postoperative Pain and Swelling in Facial Soft Tissue Injuries,RECRUITING,Facial Injuries|Pain|Swelling,DRUG: Poloxmer F-127 Hydrogel with Dexamethasone/Diclofenac|OTHER: Plain Pluronic F-127 Hydrogel Placebo,ALL,"CHILD, ADULT, OLDER_ADULT",PHASE2|PHASE3,52,OTHER,2026-01-01
