safetyreportid,receivedate,serious,seriousnessdeath,reportercountry,patientonsetage,patientsex,reactionmeddrapt,medicinalproduct,drugcharacterization,drugindication
5801206-7,20080707,1,1,CANADA,26,1,DRUG ADMINISTRATION ERROR | OVERDOSE,DURAGESIC-100,1,DRUG ABUSE
10003300,20140306,1,,US,77,2,Vomiting | Diarrhoea | Arthralgia | Headache,BONIVA,1,OSTEOPOROSIS
10003301,20140228,1,,US,,2,Dyspepsia | Renal impairment,IBUPROFEN,1,PRODUCT USED FOR UNKNOWN INDICATION
10003302,20140312,2,,US,,1,Drug ineffective,LYRICA,1,
10003304,20140312,2,,US,,2,Drug hypersensitivity,DOXYCYCLINE HYCLATE | TRAMADOL HYDROCHLORIDE | OXYCONTIN | TALWIN | CODEINE | IODINE | ASPIRIN | LORTAB | FIORINAL,1 | 1 | 1 | 1 | 1 | 1 | 1 | 1 | 1,
10003305,20140312,2,,US,48,2,Drug hypersensitivity,LIPITOR | LISINOPRIL | LOSARTAN POTASSIUM | METOPROLOL TARTRATE | MINOCYCLINE | BACTRIM,1 | 1 | 1 | 1 | 1 | 1,
10003306,20140312,2,,US,68,2,Cough | Throat irritation,LETAIRIS | TYVASO,1 | 1,PRODUCT USED FOR UNKNOWN INDICATION
10003307,20140312,2,,US,65,2,Rhinorrhoea,LETAIRIS | OXYGEN. | LETAIRIS,1 | 2 | 1,PULMONARY HYPERTENSION | CONNECTIVE TISSUE DISORDER
10003308,20140312,2,,US,59,2,Unevaluable event | Malaise,LETAIRIS | LETAIRIS,1 | 1,PULMONARY HYPERTENSION | SYSTEMIC SCLEROSIS
10003309,20140312,2,,US,42,1,Hepatic enzyme increased,LETAIRIS | LETAIRIS,1 | 1,SLEEP APNOEA SYNDROME | PULMONARY HYPERTENSION
10003310,20140312,2,,US,66,2,Back pain,LYRICA | METOPROLOL | XANAX | LETAIRIS | ADCIRCA | ZOCOR | ADVAIR HFA | ASPIRIN. | NEXIUM | TRIAMTERENE. | SPIRIVA,2 | 2 | 2 | 1 | 1 | 2 | 2 | 2 | 2 | 2 | 2,PULMONARY ARTERIAL HYPERTENSION
10003311,20140312,1,,US,76,2,Oedema peripheral | Fluid retention,LETAIRIS | LETAIRIS | LETAIRIS | TRACLEER,1 | 1 | 1 | 2,PULMONARY HYPERTENSION | ATRIAL FIBRILLATION | CARDIAC FAILURE CONGESTIVE
10003312,20140312,1,,US,43,2,Pneumonia | Drug ineffective,ILARIS | ILARIS | PREDNISONE | RELPAX | ULTRACET | AMBIEN,1 | 1 | 2 | 2 | 2 | 2,CRYOPYRIN ASSOCIATED PERIODIC SYNDROME | FAMILIAL COLD AUTOINFLAMMATORY SYNDROME
10003313,20140312,2,,US,81,2,Swelling | Jaundice,LETAIRIS | LETAIRIS | LETAIRIS,1 | 1 | 1,CHRONIC OBSTRUCTIVE PULMONARY DISEASE | PULMONARY HYPERTENSION | SLEEP APNOEA SYNDROME
10003314,20140312,2,,US,82,1,Back pain,LETAIRIS,1,PRODUCT USED FOR UNKNOWN INDICATION
10003315,20140312,1,1,US,,1,Death,RANOLAZINE,1,ANGINA PECTORIS
10003316,20140312,2,,US,73,2,Oedema | Fatigue | Dyspnoea exertional | Fluid retention,LETAIRIS,1,COR PULMONALE CHRONIC
10003317,20140312,1,,US,46,1,Angioedema | Laryngeal oedema | Face oedema,BENLYSTA | PLAQUENIL | PREDNISONE,1 | 2 | 2,SYSTEMIC LUPUS ERYTHEMATOSUS | ARTHRITIS
10003318,20140312,1,1,BR,59,2,Tuberculosis of central nervous system,BELIMUMAB | AZATHIOPRINE | PREDNISONE | FLUOXETINE | CLONAZEPAM | CALCIUM CARBONATE | VITAMIN D | OMEPRAZOLE,1 | 1 | 2 | 2 | 2 | 2 | 2 | 2,SYSTEMIC LUPUS ERYTHEMATOSUS | SYSTEMIC LUPUS ERYTHEMATOSUS | SYSTEMIC LUPUS ERYTHEMATOSUS | DEPRESSION | ANXIETY | OSTEOPOROSIS PROPHYLAXIS | OSTEOPOROSIS PROPHYLAXIS | PROPHYLAXIS
10003319,20140312,1,,US,46,2,Cholecystectomy | Nephrolithiasis | Biliary tract disorder | Malaise,BENLYSTA | PLAQUENIL | FOLTX | CYMBALTA | XANAX | PERCOCET | NEXIUM | SUMATRIPTAN | METHOTREXATE | IBUPROFEN,1 | 2 | 2 | 2 | 2 | 2 | 2 | 2 | 2 | 2,SYSTEMIC LUPUS ERYTHEMATOSUS
10003320,20140312,2,,US,42,1,Headache | Hypotension,TYVASO | LOSARTAN. | LETAIRIS | LOSARTAN. | LETAIRIS,1 | 1 | 1 | 1 | 1,SLEEP APNOEA SYNDROME | SLEEP APNOEA SYNDROME | PULMONARY HYPERTENSION | PULMONARY HYPERTENSION
10003321,20140312,1,,JP,71,1,Adenoviral haemorrhagic cystitis | Pyrexia,ACETAMINOPHEN. | OFATUMUMAB | BAKTAR | ZYLORIC | CHINESE MEDICINE | TAKEPRON | ITRIZOLE | PREDNISOLONE. | PREDNISOLONE. | OFATUMUMAB | ACETAMINOPHEN. | POLARAMINE | POLARAMINE,2 | 1 | 2 | 2 | 2 | 2 | 2 | 2 | 2 | 1 | 2 | 2 | 2,CHRONIC LYMPHOCYTIC LEUKAEMIA
10003322,20140312,2,,US,61,2,Tremor,LETAIRIS,1,PULMONARY HYPERTENSION
10003323,20140312,2,,US,73,2,Fall | Pain in extremity | Hiccups,PRADAXA,1,ATRIAL FIBRILLATION
10003324,20140312,2,,US,57,2,Malaise | Ocular hyperaemia,LETAIRIS | LETAIRIS,1 | 1,PRODUCT USED FOR UNKNOWN INDICATION
10003325,20140312,1,,US,68,2,Swelling,LETAIRIS,1,PRODUCT USED FOR UNKNOWN INDICATION
10003326,20140312,1,,CN,29,2,Meconium stain | Amniotic cavity infection | Maternal exposure during pregnancy,CEFTRIAXONE | METRONIDAZOLE,1 | 1,LISTERIOSIS | LISTERIOSIS
10003327,20140312,1,,CN,53,1,Respiratory failure | Listeriosis | Pyrexia | Headache | Vomiting | Mental status changes | Meningitis | Pneumonia staphylococcal,PREDNISONE | DEXAMETHASONE | METHOTREXATE,1 | 1 | 1,IMMUNOSUPPRESSION | IMMUNOSUPPRESSION | IMMUNOSUPPRESSION
10003328,20140312,1,,ES,55,2,Type IV hypersensitivity reaction | Skin toxicity | Palmar-plantar erythrodysaesthesia syndrome | Nail toxicity | Arthralgia | Myalgia | Asthenia | Diarrhoea | Neuropathy peripheral,PACLITAXEL | DOCETAXEL | ADRIAMYCIN | CYCLOPHOSPHAMIDE,1 | 1 | 2 | 2,METASTASES TO BREAST | METASTASES TO BREAST | BREAST CANCER | BREAST CANCER
10003329,20140312,1,,COUNTRY NOT SPECIFIED,79,2,Diarrhoea | Abdominal pain | Asthenia | Diarrhoea | Weight decreased | Abdominal pain | Blood creatinine increased | C-reactive protein increased | Dysuria | Pyrexia | Blood creatinine increased | C-reactive protein increased | Pleural effusion,PARACETAMOLO | BIBW 2992 | LANSOPRAZOLO | INSULINA GLARGINE | IDROCLOROTIAZ | IRBESARTAN. | POTASSIUM CHLORIDE. | BIBW 2992 | INSULINA GLULISINA | PARACETAMOLO | FUROSEMIDE. | ZOLPIDEM | NEBIVOLOLO | IDROCLOROTIAZ | OSSICODONE | OSSICODONE | ALLOPURINOLO | CALCIUM CARBONATE. | NORITREN | RANITIDINE | IRBESARTAN. | RANITIDINE,2 | 1 | 2 | 2 | 2 | 2 | 2 | 1 | 2 | 2 | 2 | 2 | 2 | 2 | 2 | 2 | 2 | 2 | 2 | 2 | 2 | 2,PAIN | PROPHYLAXIS | DIABETES MELLITUS | HYPERTENSION | HYPERTENSION | FLUID REPLACEMENT | NON-SMALL CELL LUNG CANCER METASTATIC | DIABETES MELLITUS | OEDEMA | INSOMNIA | HYPERTENSION | PAIN | BLOOD URIC ACID INCREASED | PROPHYLAXIS | DEPRESSION | PROPHYLAXIS
10003330,20140312,2,,US,50,1,Feeling abnormal,LETAIRIS | LETAIRIS,1 | 1,PULMONARY HYPERTENSION | SCLERODERMA
10003331,20140312,1,,GB,38,2,Chemical poisoning | Neck pain | Back pain | Paraesthesia,MIRENA | CARBAMAZEPINE,1 | 2,
10003332,20140312,2,,US,80,1,Proctalgia | Anorectal discomfort | Rectal haemorrhage,PRADAXA | LOSARTAN | CRESTOR | DIABETES MEDICATION,1 | 2 | 2 | 2,CEREBROVASCULAR ACCIDENT PROPHYLAXIS | HYPERTENSION | BLOOD CHOLESTEROL INCREASED | TYPE 2 DIABETES MELLITUS
10003333,20140312,2,,US,79,1,Swelling,LETAIRIS,1,PRODUCT USED FOR UNKNOWN INDICATION
10003334,20140312,2,,US,,2,Dry mouth | Product quality issue,SPIRIVA,1,EMPHYSEMA
10003335,20140312,1,,US,62,2,Localised oedema | Oedema peripheral | Fluid retention | Nasal congestion,LETAIRIS | LETAIRIS,1 | 1,PULMONARY HYPERTENSION | LIVER DISORDER
10003336,20140312,1,1,US,,1,Metastases to spine | Anxiety | Renal cyst | Metastases to thorax | Metastases to retroperitoneum | Emotional disorder | Pancreatic carcinoma metastatic | Metastases to liver | Metastases to lung | Emotional distress | Lymphadenopathy | Prostate cancer | Peripheral venous disease,JANUMET | JANUVIA,1 | 1,TYPE 2 DIABETES MELLITUS
10003337,20140312,2,,US,59,2,Dysphonia | Throat irritation,LETAIRIS,1,PRODUCT USED FOR UNKNOWN INDICATION
10003338,20140312,1,,IT,34,2,Swollen tongue | Pruritus | Rash generalised,KLACID | CLAVULIN | OKI | TACHIPIRINA,1 | 1 | 2 | 2,TONSILLITIS | TONSILLITIS | PRODUCT USED FOR UNKNOWN INDICATION | PRODUCT USED FOR UNKNOWN INDICATION
10003339,20140312,2,,US,69,1,Anaemia,LETAIRIS,1,PRODUCT USED FOR UNKNOWN INDICATION
10003340,20140312,1,,CN,22,2,Listeriosis | Pyrexia | Diarrhoea | Meningitis,PREDNISONE | METHYLPREDNISOLONE | HYDROXYCHLOROQUINE | MYCOPHENOLATE MOFETIL | CICLOSPORIN | DAPSONE,1 | 1 | 1 | 1 | 1 | 1,IMMUNOSUPPRESSION | IMMUNOSUPPRESSION | IMMUNOSUPPRESSION | IMMUNOSUPPRESSION | IMMUNOSUPPRESSION | IMMUNOSUPPRESSION
10003341,20140312,2,,US,54,2,Dizziness | Oedema | Dyspnoea,LETAIRIS,1,PRODUCT USED FOR UNKNOWN INDICATION
10003342,20140312,1,,US,,1,Overdose | General physical health deterioration | Malaise | Drug ineffective,TASIGNA,1,LEUKAEMIA
10003343,20140312,2,,US,64,2,Liver function test abnormal | Liver disorder,LETAIRIS | LETAIRIS,1 | 1,PORTOPULMONARY HYPERTENSION | HEPATITIS C
10003344,20140312,2,,US,69,2,Headache,LETAIRIS | LETAIRIS,1 | 1,PULMONARY HYPERTENSION | DECREASED APPETITE
10003345,20140312,1,,DK,88,2,Haematoma | Thrombocytopenia | International normalised ratio increased,CITALOPRAM | PREVISCAN | DAFALGAN,1 | 1 | 1,
10003346,20140312,2,,US,73,2,Dyspnoea | Hypoxia,LETAIRIS,1,PRODUCT USED FOR UNKNOWN INDICATION
10003347,20140312,1,,US,29,2,Device dislocation,MIRENA | MIRENA,1 | 1,CONTRACEPTION | MENORRHAGIA
10003348,20140312,2,,US,93,1,Epistaxis | Cough | Nasal dryness | Nasal congestion | Haemoptysis | Asthenia,OXYGEN. | LETAIRIS,1 | 1,PRODUCT USED FOR UNKNOWN INDICATION
10003349,20140312,1,,US,,2,Cerebrovascular accident | Blood pressure increased | Pain,MORPHINE SULFATE EXTENDED-RELEASE TABLETS (RHODES 74-862) | MORPHINE SULFATE (SIMILAR TO NDA 19-516) | AMLODIPINE | TRIAMTERENE AND HYDROCHLOROTHIAZID | ASPIRIN | CELEXA                             /00582602/ | CLOBETASOL PROPRIONATE | FIORICET,1 | 1 | 1 | 1 | 2 | 2 | 2 | 2,BACK PAIN | HYPERTENSION | HYPERTENSION | PRODUCT USED FOR UNKNOWN INDICATION | PRODUCT USED FOR UNKNOWN INDICATION | PRODUCT USED FOR UNKNOWN INDICATION | MIGRAINE
10003350,20140312,2,,US,71,2,Malaise | Gingivitis,LETAIRIS,1,PRODUCT USED FOR UNKNOWN INDICATION
10003351,20140312,1,,GB,46,2,Aggression | Violence-related symptom | Anger | Blepharospasm | Suicidal ideation,MIRTAZAPINE (UNKNOWN) | LANSOPRAZOLE | NASONEX,1 | 2 | 2,DEPRESSION | PRODUCT USED FOR UNKNOWN INDICATION | PRODUCT USED FOR UNKNOWN INDICATION
10003352,20140312,2,,US,51,2,Oedema peripheral,LETAIRIS | LETAIRIS,1 | 1,SCLERODERMA | PULMONARY HYPERTENSION
10003353,20140312,2,,US,,1,Dyspnoea | Drug ineffective,CASODEX | CASODEX,1 | 1,
10003354,20140312,1,,US,52,2,Haemoglobin decreased,LETAIRIS,1,PULMONARY ARTERIAL HYPERTENSION
10003355,20140312,2,,US,,1,Heart rate decreased,CASODEX,1,
10003356,20140312,2,,US,60,2,Oedema peripheral,LETAIRIS,1,PULMONARY HYPERTENSION
10003357,20140312,1,,US,10,1,Posterior reversible encephalopathy syndrome | Cerebral haemorrhage | Subarachnoid haemorrhage,TACROLIMUS (WATSON LABORATORIES) | PREDNISONE | PREDNISONE | AZATHIOPRINE,1 | 2 | 2 | 2,HEART TRANSPLANT | IMMUNOSUPPRESSANT DRUG THERAPY | IMMUNOSUPPRESSANT DRUG THERAPY
10003358,20140312,2,,US,82,1,Dyspnoea,LETAIRIS,1,PRODUCT USED FOR UNKNOWN INDICATION
10003359,20140312,1,,GB,41,1,Erection increased,DOXYCYCLINE | AMLODIPINE | PARACETAMOL | ENALAPRIL | DOXAZOSIN (UNKNOWN) | INDAPAMIDE,2 | 2 | 2 | 2 | 1 | 2,PRODUCT USED FOR UNKNOWN INDICATION | PRODUCT USED FOR UNKNOWN INDICATION | PRODUCT USED FOR UNKNOWN INDICATION | PRODUCT USED FOR UNKNOWN INDICATION | HYPERTENSION | PRODUCT USED FOR UNKNOWN INDICATION
10003360,20140312,2,,US,29,2,Hypertension,LETAIRIS,1,PULMONARY HYPERTENSION
10003361,20140312,1,,GB,65,1,Hyponatraemia,CITALOPRAM (UNKNOWN) | PROPRANOLOL | RANITIDINE | THIAMINE HYDROCHLORIDE | VITAMIN B COMPLEX                  /00212701/,1 | 2 | 2 | 2 | 2,DEPRESSION | PRODUCT USED FOR UNKNOWN INDICATION | PRODUCT USED FOR UNKNOWN INDICATION | PRODUCT USED FOR UNKNOWN INDICATION | PRODUCT USED FOR UNKNOWN INDICATION
10003362,20140312,2,,US,71,2,Gastric disorder | Dyspnoea,LETAIRIS,1,PRODUCT USED FOR UNKNOWN INDICATION
10003363,20140312,2,,US,50,2,Unevaluable event,LETAIRIS,1,PRODUCT USED FOR UNKNOWN INDICATION
10003364,20140312,2,,US,31,2,Drug hypersensitivity | Pruritus | Rash,ADCIRCA | LETAIRIS,1 | 1,PRODUCT USED FOR UNKNOWN INDICATION
10003365,20140312,2,,US,71,2,Oedema | Fluid retention,LETAIRIS,1,PRODUCT USED FOR UNKNOWN INDICATION
10003366,20140312,2,,US,32,1,Oedema,LETAIRIS,1,PRODUCT USED FOR UNKNOWN INDICATION
10003367,20140312,2,,US,70,2,Unevaluable event | Eructation | Chest discomfort,LETAIRIS,1,PRODUCT USED FOR UNKNOWN INDICATION
10003368,20140312,2,,US,78,1,Pollakiuria | Poor quality sleep | Dyspnoea,LETAIRIS,1,PULMONARY HYPERTENSION
10003369,20140312,2,,US,73,2,Feeling abnormal,LETAIRIS,1,PRODUCT USED FOR UNKNOWN INDICATION
10003370,20140312,2,,US,64,2,Swelling,LETAIRIS,1,PULMONARY HYPERTENSION
10003371,20140312,2,,US,51,1,Nasal congestion | Seasonal allergy,LETAIRIS,1,PRODUCT USED FOR UNKNOWN INDICATION
10003372,20140312,2,,US,49,1,Nausea,LETAIRIS,1,PRODUCT USED FOR UNKNOWN INDICATION
10003373,20140312,2,,US,65,2,Nasal congestion,LETAIRIS,1,PRODUCT USED FOR UNKNOWN INDICATION
10003375,20140312,1,,CN,53,2,Loss of consciousness | Listeriosis | Pyrexia | Headache | Vomiting | Meningitis,PREDNISONE | CYCLOPHOSPHAMIDE,1 | 1,IMMUNOSUPPRESSION | IMMUNOSUPPRESSION
10003376,20140312,2,,US,62,1,Diarrhoea | Arthralgia | Nausea,CASODEX | LUPRON | IBUPROPHEN | ULRAM | PROSCAR,1 | 2 | 2 | 2 | 2,PROSTATE CANCER METASTATIC
10003377,20140312,2,,US,59,2,Malaise | Weight fluctuation,LETAIRIS,1,PRODUCT USED FOR UNKNOWN INDICATION
10003378,20140312,2,,US,53,1,Dyspnoea | Tremor | Bone pain | Presyncope,LETAIRIS,1,PULMONARY ARTERIAL HYPERTENSION
10003379,20140312,2,,US,55,2,Nasopharyngitis,LETAIRIS,1,PRODUCT USED FOR UNKNOWN INDICATION
10003380,20140312,2,,US,67,2,Respiratory tract infection | Body temperature | Pneumonia | Productive cough,LETAIRIS,1,PRODUCT USED FOR UNKNOWN INDICATION
10003381,20140312,2,,US,76,1,No therapeutic response,LETAIRIS,1,PRODUCT USED FOR UNKNOWN INDICATION
10003382,20140312,2,,US,57,2,Blood count abnormal,LETAIRIS,1,PRODUCT USED FOR UNKNOWN INDICATION
10003383,20140312,2,,US,63,2,Unevaluable event,LETAIRIS,1,PRODUCT USED FOR UNKNOWN INDICATION
10003384,20140312,2,,US,75,1,Unevaluable event,LETAIRIS,1,PRODUCT USED FOR UNKNOWN INDICATION
10003385,20140312,2,,US,79,2,Dyspnoea exertional | Fatigue,LETAIRIS | LETAIRIS,1 | 1,PRODUCT USED FOR UNKNOWN INDICATION
10003386,20140312,1,,US,72,2,Fluid retention | Haemoglobin decreased,LETAIRIS | LETAIRIS,1 | 1,PULMONARY ARTERIAL HYPERTENSION
10003387,20140312,2,,US,67,2,Cellulitis,LETAIRIS,1,PRODUCT USED FOR UNKNOWN INDICATION
10003388,20140312,2,,US,19,2,Dyspnoea | Dyspnoea exertional | Oedema,LETAIRIS,1,PULMONARY ARTERIAL HYPERTENSION
10003389,20140312,2,,US,32,2,Hepatic enzyme decreased,LETAIRIS | LETAIRIS,1 | 1,PULMONARY ARTERIAL HYPERTENSION
10003390,20140312,2,,US,44,2,Headache | Dyspnoea | Diarrhoea | Increased appetite | Swelling | Weight increased | Vomiting,LETAIRIS,1,PULMONARY ARTERIAL HYPERTENSION
10003391,20140312,2,,US,75,2,Dyspnoea,LETAIRIS,1,PULMONARY ARTERIAL HYPERTENSION
10003392,20140312,1,,CA,77,1,Subdural haematoma,RAMIPRIL. | WARFARIN | LIPITOR | TAMSULOSIN | ADALAT CC | DIPYRIDAMOLE. | SYNTHROID | VISMODEGIB | PHYTONADIONE.,2 | 2 | 2 | 2 | 2 | 2 | 2 | 1 | 2,HYPERTENSION | THROMBOSIS PROPHYLAXIS | BLOOD CHOLESTEROL INCREASED | URINARY RETENTION | HYPERTENSION | HYPERTENSION | HYPOTHYROIDISM | BASAL CELL CARCINOMA | THROMBOSIS
10003393,20140312,2,,US,53,1,Peripheral swelling,LETAIRIS,1,PRODUCT USED FOR UNKNOWN INDICATION
10003394,20140312,2,,US,88,2,Dyspnoea exertional,LETAIRIS,1,PRODUCT USED FOR UNKNOWN INDICATION
10003395,20140312,2,,US,,1,Tremor | Dry mouth,DEPAKOTE,1,BIPOLAR DISORDER
10003396,20140312,2,,US,62,2,Unevaluable event,LETAIRIS | REMODULIN,1 | 2,PRODUCT USED FOR UNKNOWN INDICATION
10003397,20140312,1,,DK,25,1,Sopor | Drug abuse | Overdose,CITALOPRAM ORAL SOLUTION | CYMBALTA,1 | 1,INTENTIONAL SELF-INJURY | INTENTIONAL SELF-INJURY
10003398,20140312,1,,GB,77,1,"Hallucination, visual | Headache | Insomnia | Somnolence | Confusional state",DONEPEZIL | DONEPEZIL (UNKNOWN) | TRAMADOL,1 | 1 | 2,DEMENTIA | PRODUCT USED FOR UNKNOWN INDICATION
10003399,20140312,2,,US,56,2,Headache | Dizziness exertional | Haemoglobin decreased | Dyspnoea,LETAIRIS,1,PRODUCT USED FOR UNKNOWN INDICATION
10003400,20140312,2,,US,65,2,Hot flush | Rosacea,LETAIRIS,1,PRODUCT USED FOR UNKNOWN INDICATION
